<?xml version="1.0" encoding="UTF-8"?>
<LoganContent oms_version="2.50.2.0.0" name="content_ocid1.tenancy.oc1..aaaaaaaa5s2vdjjrydixjulorcwozffbpna37w5a35p3jhgpyshlkmio6oiq_1650039506307" content_version="2.50.2.0.0" xmlns="http://www.oracle.com/DataCenter/LogAnalyticsStd">
    <Field oms_version="2.50.2.0.0">
        <DisplayName>sensor</DisplayName>
        <FieldType>1</FieldType>
        <IsSystem>0</IsSystem>
        <IsPrimary>1</IsPrimary>
        <DataType>STRING</DataType>
        <IsMetricKeyEligible>0</IsMetricKeyEligible>
        <IsMetricValueEligible>0</IsMetricValueEligible>
        <FacetEligible>1</FacetEligible>
        <RangeFacetEligible>0</RangeFacetEligible>
        <TableEligible>1</TableEligible>
        <FacetPriority>1</FacetPriority>
        <Summarizable>1</Summarizable>
        <HighCardinality>1</HighCardinality>
        <LargeData>0</LargeData>
        <MultiValued>0</MultiValued>
        <SMAEnabledSetting>0</SMAEnabledSetting>
    </Field>
    
    <Tag>
<Name>#medium_severity_sensor</Name>
<DisplayName>Medium Severity Sensor</DisplayName>
<IsSystem>0</IsSystem>
<ProblemPriority>MEDIUM</ProblemPriority>
</Tag>
    <Source name="PSFT Sensor: Funding array exceeded  - Daily" oms_version="2.50.2.0.0" configWarningSettings="0">
    <SourceType>database_sql</SourceType>
    <TargetTypes>
        <TargetType>omc_oracle_db_instance</TargetType>
        <TargetType>omc_oracle_pdb</TargetType>
    </TargetTypes>
    <DisplayName>PSFT Sensor: Funding array exceeded  - Daily</DisplayName>
    <Description><![CDATA[]]></Description>
    <IsSystem>0</IsSystem>
    <IsSecureContent>1</IsSecureContent>
    <Patterns>
        <DBPattern dateTimeField="entrytime" dateTimeColumns="entrytime">
        <SQLQuery>
            <![CDATA[select 'PSFT_PNA_PSCPFDST_ARRAY' sensor, to_timestamp(to_char(sysdate, 'YYYY-MM-DD hh24:mi:ss'), 'YYYY-MM-DD hh24:mi:ss') entrytime, s.KEY_DATA FROM (select distinct 'Y' as EVENT  , 'Proposed solution: EPY: Commitment Accounting Actuals Distribution PSPPFUND Error Message ID 000513 -""The maximum rows have been exceeded in the Funding Array"" (Doc ID 1579224.1)' as SOLUTION  , Count(*) || ' instances where maximum delivered Funding Array Size exceeded' as KEY_DATA  from (  Select Distinct  ('Company = ' || A.Company|| '; Pay group = ' || A.Paygroup || '; Pay end date = ' || A.Pay_End_Dt || '; Off cycle = ' || A.Off_Cycle || '; Page number = ' || A.Page_Num || '; Line number = ' || A.Line_Num|| '; Sepchk = ' || A.Sepchk ) KEY_DATA  From SYSADM.Ps_Pay_Earnings A  Join SYSADM.Ps_Pay_Oth_Earns B On ( A.Company = B.Company And A.Paygroup = B.Paygroup And A.Pay_End_Dt = B.Pay_End_Dt And A.Off_Cycle = B.Off_Cycle And A.Page_Num = B.Page_Num And A.Line_Num = B.Line_Num And A.Sepchk = B.Sepchk And A.Addl_Nbr = B.Addl_Nbr)  Join SYSADM.Ps_Pay_Calendar C On ( A.Company = C.Company And A.Paygroup = C.Paygroup And A.Pay_End_Dt = C.Pay_End_Dt)  Where A.Ok_To_Pay='Y' And C.Pay_Confirm_Run = 'Y' And C.Pay_Dist_Run = 'N' And  'Y'= Case  When 'Y'=(Select Gl From SYSADM.Ps_Installation Where Gl = 'Y') Then 'Y'  Else 'N' end  Group By A.Company, A.Paygroup, A.Pay_End_Dt,A.Off_Cycle, A.Page_Num, A.Line_Num, A.Sepchk  having Count(a.addl_nbr)>100 or count(b.ERNCD)>100  ) having count(*) >= 1) s]]>
        </SQLQuery>
        <IsInclude>1</IsInclude>
            <InUse>1</InUse>
            <DBQueryFieldList>
                <DBPatternSeqField>entrytime</DBPatternSeqField>
                <DBPatternField>
                    <DBQueryColName>sensor</DBQueryColName>
                    <FieldName>udfs1</FieldName>
                </DBPatternField>
                <DBPatternField>
                    <DBQueryColName>entrytime</DBQueryColName>
                    <FieldName>time</FieldName>
                </DBPatternField>
                <DBPatternField>
                                        <DBQueryColName>KEY_DATA</DBQueryColName>
                                        <FieldName>data</FieldName>
                                   </DBPatternField>
            </DBQueryFieldList>
            <IsSystem>0</IsSystem>
            <IsEnabled>1</IsEnabled>
            </DBPattern>
    </Patterns>
        <TagConditions>
            <TagCondition operator="CONTAINS_REGEX" field="udfs1" alertRuleVisible="0">
                <ConditionValues>
                    <ConditionValue>%</ConditionValue>
                </ConditionValues>
                <ConditionTags tagField="mtag">
                    <ConditionTag>#medium_severity_sensor</ConditionTag>
                </ConditionTags>
                <IsSystem>0</IsSystem>
                <IsEnabled>1</IsEnabled>
            </TagCondition>
        </TagConditions>
        <IsHidden>0</IsHidden>
        <IsSMAEnabled>0</IsSMAEnabled>
    </Source>
    <FieldNameMaps>
        <FieldNameMap>
            <Name>udfs1</Name>
            <DisplayName>sensor</DisplayName>
        </FieldNameMap>
        
    </FieldNameMaps>
</LoganContent>