<?xml version="1.0" encoding="UTF-8"?>
<LoganContent oms_version="2.50.2.0.0" name="content_ocid1.tenancy.oc1..aaaaaaaa5s2vdjjrydixjulorcwozffbpna37w5a35p3jhgpyshlkmio6oiq_1650039506307" content_version="2.50.2.0.0" xmlns="http://www.oracle.com/DataCenter/LogAnalyticsStd">
    <Field oms_version="2.50.2.0.0">
        <DisplayName>sensor</DisplayName>
        <FieldType>1</FieldType>
        <IsSystem>0</IsSystem>
        <IsPrimary>1</IsPrimary>
        <DataType>STRING</DataType>
        <IsMetricKeyEligible>0</IsMetricKeyEligible>
        <IsMetricValueEligible>0</IsMetricValueEligible>
        <FacetEligible>1</FacetEligible>
        <RangeFacetEligible>0</RangeFacetEligible>
        <TableEligible>1</TableEligible>
        <FacetPriority>1</FacetPriority>
        <Summarizable>1</Summarizable>
        <HighCardinality>1</HighCardinality>
        <LargeData>0</LargeData>
        <MultiValued>0</MultiValued>
        <SMAEnabledSetting>0</SMAEnabledSetting>
    </Field>
    
    <Tag>
<Name>#medium_severity_sensor</Name>
<DisplayName>Medium Severity Sensor</DisplayName>
<IsSystem>0</IsSystem>
<ProblemPriority>MEDIUM</ProblemPriority>
</Tag>
    <Source name="PSFT Sensor: Document sequence range unmapped or incomplete - Daily" oms_version="2.50.2.0.0" configWarningSettings="0">
    <SourceType>database_sql</SourceType>
    <TargetTypes>
        <TargetType>omc_oracle_db_instance</TargetType>
        <TargetType>omc_oracle_pdb</TargetType>
    </TargetTypes>
    <DisplayName>PSFT Sensor: Document sequence range unmapped or incomplete - Daily</DisplayName>
    <Description><![CDATA[]]></Description>
    <IsSystem>0</IsSystem>
    <IsSecureContent>1</IsSecureContent>
    <Patterns>
        <DBPattern dateTimeField="entrytime" dateTimeColumns="entrytime">
        <SQLQuery>
            <![CDATA[select 'PSFT_GL_DOC_SEQ_RANGE' sensor, to_timestamp(to_char(sysdate, 'YYYY-MM-DD hh24:mi:ss'), 'YYYY-MM-DD hh24:mi:ss') entrytime, s.KEY_DATA FROM (select 'Y' as EVENT  , 'Document sequencing is enabled, but Document Sequence range is not mapped for ' || count(*) || ' document types' as KEY_DATA  , 'Please Follow instructions in KM Doc ID 2693002.1' as SOLUTION  from (  SELECT 'Document sequencing is enabled, but Document Sequence range is not mapped for document type: '|| DOC_TYPE KEY_DATA  FROM SYSADM.PS_DOC_TYPE_TBL WHERE SEQ_RANGE_ID = ' ' AND JRNL_CODE NOT  IN (SELECT DISTINCT JRNL_CODE FROM SYSADM.PS_JRNL_CODE_TBL WHERE SEQ_RANGE_ID <> ' ')  AND EXISTS (SELECT 'Y' FROM SYSADM.PS_INSTALLATION_FS I WHERE I.DOC_SEQ='Y' )  UNION  SELECT 'Document sequencing is enabled and Document Sequence range '||Z.SEQ_RANGE_ID||' is mapped to one or more document type(s),  but corresponding sequence range is defined till '||TO_CHAR(Z.MAX_ED,'DD-Mon-YYYY')||' Which does not fully cover current year' KEY_DATA  FROM (SELECT SEQ_RANGE_ID,MAX(END_DT) MAX_ED FROM SYSADM.PS_SEQ_RANGE_DETL WHERE SEQ_RANGE_ID IN(  SELECT DISTINCT SEQ_RANGE_ID FROM SYSADM.PS_DOC_TYPE_TBL WHERE SEQ_RANGE_ID <> ' ' ) GROUP BY SEQ_RANGE_ID) Z  WHERE Z.MAX_ED < ('31-Dec-'||(SELECT (TO_CHAR(SYSDATE,'YYYY')) FROM DUAL))  AND EXISTS (SELECT 'Y' FROM SYSADM.PS_INSTALLATION_FS I WHERE I.DOC_SEQ='Y' )  UNION  SELECT 'Document sequencing is enabled and Document Sequence range '||Z.SEQ_RANGE_ID||' is mapped to one or more Journal Code(s),  but corresponding sequence range is defined till '||TO_CHAR(Z.MAX_ED,'DD-Mon-YYYY')||' Which does not fully cover current year' KEY_DATA  FROM (SELECT SEQ_RANGE_ID,MAX(END_DT) MAX_ED FROM SYSADM.PS_SEQ_RANGE_DETL WHERE SEQ_RANGE_ID IN(  SELECT DISTINCT SEQ_RANGE_ID FROM SYSADM.PS_JRNL_CODE_TBL WHERE SEQ_RANGE_ID <> ' ') GROUP BY SEQ_RANGE_ID) Z  WHERE Z.MAX_ED < ('31-Dec-'||(SELECT (TO_CHAR(SYSDATE,'YYYY')) FROM DUAL))  AND EXISTS (SELECT 'Y' FROM SYSADM.PS_INSTALLATION_FS I WHERE I.DOC_SEQ='Y' )  ) having count(*) >= 1) s]]>
        </SQLQuery>
        <IsInclude>1</IsInclude>
            <InUse>1</InUse>
            <DBQueryFieldList>
                <DBPatternSeqField>entrytime</DBPatternSeqField>
                <DBPatternField>
                    <DBQueryColName>sensor</DBQueryColName>
                    <FieldName>udfs1</FieldName>
                </DBPatternField>
                <DBPatternField>
                    <DBQueryColName>entrytime</DBQueryColName>
                    <FieldName>time</FieldName>
                </DBPatternField>
                <DBPatternField>
                                        <DBQueryColName>KEY_DATA</DBQueryColName>
                                        <FieldName>data</FieldName>
                                   </DBPatternField>
            </DBQueryFieldList>
            <IsSystem>0</IsSystem>
            <IsEnabled>1</IsEnabled>
            </DBPattern>
    </Patterns>
        <TagConditions>
            <TagCondition operator="CONTAINS_REGEX" field="udfs1" alertRuleVisible="0">
                <ConditionValues>
                    <ConditionValue>%</ConditionValue>
                </ConditionValues>
                <ConditionTags tagField="mtag">
                    <ConditionTag>#medium_severity_sensor</ConditionTag>
                </ConditionTags>
                <IsSystem>0</IsSystem>
                <IsEnabled>1</IsEnabled>
            </TagCondition>
        </TagConditions>
        <IsHidden>0</IsHidden>
        <IsSMAEnabled>0</IsSMAEnabled>
    </Source>
    <FieldNameMaps>
        <FieldNameMap>
            <Name>udfs1</Name>
            <DisplayName>sensor</DisplayName>
        </FieldNameMap>
        
    </FieldNameMaps>
</LoganContent>