<?xml version="1.0" encoding="UTF-8"?>
<LoganContent oms_version="2.50.2.0.0" name="content_ocid1.tenancy.oc1..aaaaaaaa5s2vdjjrydixjulorcwozffbpna37w5a35p3jhgpyshlkmio6oiq_1650039506307" content_version="2.50.2.0.0" xmlns="http://www.oracle.com/DataCenter/LogAnalyticsStd">
    <Field oms_version="2.50.2.0.0">
        <DisplayName>sensor</DisplayName>
        <FieldType>1</FieldType>
        <IsSystem>0</IsSystem>
        <IsPrimary>1</IsPrimary>
        <DataType>STRING</DataType>
        <IsMetricKeyEligible>0</IsMetricKeyEligible>
        <IsMetricValueEligible>0</IsMetricValueEligible>
        <FacetEligible>1</FacetEligible>
        <RangeFacetEligible>0</RangeFacetEligible>
        <TableEligible>1</TableEligible>
        <FacetPriority>1</FacetPriority>
        <Summarizable>1</Summarizable>
        <HighCardinality>1</HighCardinality>
        <LargeData>0</LargeData>
        <MultiValued>0</MultiValued>
        <SMAEnabledSetting>0</SMAEnabledSetting>
    </Field>
    
    <Tag>
<Name>#medium_severity_sensor</Name>
<DisplayName>Medium Severity Sensor</DisplayName>
<IsSystem>0</IsSystem>
<ProblemPriority>MEDIUM</ProblemPriority>
</Tag>
    <Source name="PSFT Sensor: Zero dollar paychecks - Weekly" oms_version="2.50.2.0.0" configWarningSettings="0">
    <SourceType>database_sql</SourceType>
    <TargetTypes>
        <TargetType>omc_oracle_db_instance</TargetType>
        <TargetType>omc_oracle_pdb</TargetType>
    </TargetTypes>
    <DisplayName>PSFT Sensor: Zero dollar paychecks - Weekly</DisplayName>
    <Description><![CDATA[]]></Description>
    <IsSystem>0</IsSystem>
    <IsSecureContent>1</IsSecureContent>
    <Patterns>
        <DBPattern dateTimeField="entrytime" dateTimeColumns="entrytime">
        <SQLQuery>
            <![CDATA[select 'PSFT_PNA_ZERO_NET_PAYCHECKS' sensor, to_timestamp(to_char(sysdate, 'YYYY-MM-DD hh24:mi:ss'), 'YYYY-MM-DD hh24:mi:ss') entrytime, s.KEY_DATA FROM (select 'Y' as EVENT  , 'Customer to review and see if check looks correct for zero gross' as SOLUTION  , count(*) || ' Zero gross checks may need to be reviewed for accuracy' as KEY_DATA  from (  select ('Company = ' || ppchk.company || '; Pay group = ' || ppchk.paygroup || '; Pay end date = ' || ppchk.pay_end_dt || '; Off cycle = ' || ppchk.off_cycle  || '; Page number = ' || ppchk.page_num || '; Line number = ' || ppchk.line_num || '; Separate check = ' || ppchk.sepchk || '; Erncd = ' || petbl.erncd || '; Add gross = ' || petbl.add_gross ) KEY_DATA  from SYSADM.PS_PAY_CALENDAR ppcal  join SYSADM.PS_PAY_CHECK ppchk on ( ppcal.COMPANY = ppchk.COMPANY and ppcal.PAYGROUP = ppchk.PAYGROUP and ppcal.PAY_END_DT = ppchk.PAY_END_DT and ppcal.PAY_OFF_CYCLE_CAL = ppchk.OFF_CYCLE)  join SYSADM.PS_PAY_OTH_EARNS ppoerns on (ppchk.company = ppoerns.company and ppchk.paygroup = ppoerns.paygroup and ppchk.pay_end_dt = ppoerns.pay_end_dt and ppchk.off_cycle = ppoerns.off_cycle and ppchk.page_num = ppoerns.page_num and ppchk.line_num = ppoerns.line_num and ppchk.sepchk = ppoerns.sepchk )  join SYSADM.PS_EARNINGS_TBL petbl on ( ppoerns.erncd = petbl.erncd )  where ppcal.PAY_CALC_RUN='Y' and ppcal.PAY_CONFIRM_START='N' and ppchk.TOTAL_GROSS = 0 and ppchk.PAYCHECK_STATUS = 'C' and upper(petbl.add_gross)='Y'  ) having count(*) >= 1) s]]>
        </SQLQuery>
        <IsInclude>1</IsInclude>
            <InUse>1</InUse>
            <DBQueryFieldList>
                <DBPatternSeqField>entrytime</DBPatternSeqField>
                <DBPatternField>
                    <DBQueryColName>sensor</DBQueryColName>
                    <FieldName>udfs1</FieldName>
                </DBPatternField>
                <DBPatternField>
                    <DBQueryColName>entrytime</DBQueryColName>
                    <FieldName>time</FieldName>
                </DBPatternField>
                <DBPatternField>
                                        <DBQueryColName>KEY_DATA</DBQueryColName>
                                        <FieldName>probkey</FieldName>
                                   </DBPatternField>
            </DBQueryFieldList>
            <IsSystem>0</IsSystem>
            <IsEnabled>1</IsEnabled>
            </DBPattern>
    </Patterns>
        <TagConditions>
            <TagCondition operator="CONTAINS_REGEX" field="udfs1" alertRuleVisible="0">
                <ConditionValues>
                    <ConditionValue>%</ConditionValue>
                </ConditionValues>
                <ConditionTags tagField="mtag">
                    <ConditionTag>#medium_severity_sensor</ConditionTag>
                </ConditionTags>
                <IsSystem>0</IsSystem>
                <IsEnabled>1</IsEnabled>
            </TagCondition>
        </TagConditions>
        <IsHidden>0</IsHidden>
        <IsSMAEnabled>0</IsSMAEnabled>
    </Source>
    <FieldNameMaps>
        <FieldNameMap>
            <Name>udfs1</Name>
            <DisplayName>sensor</DisplayName>
        </FieldNameMap>
        
    </FieldNameMaps>
</LoganContent>