<?xml version="1.0" encoding="UTF-8"?>
<LoganContent oms_version="2.50.2.0.0" name="content_ocid1.tenancy.oc1..aaaaaaaa5s2vdjjrydixjulorcwozffbpna37w5a35p3jhgpyshlkmio6oiq_1650039506307" content_version="2.50.2.0.0" xmlns="http://www.oracle.com/DataCenter/LogAnalyticsStd">
    <Field oms_version="2.50.2.0.0">
        <DisplayName>sensor</DisplayName>
        <FieldType>1</FieldType>
        <IsSystem>0</IsSystem>
        <IsPrimary>1</IsPrimary>
        <DataType>STRING</DataType>
        <IsMetricKeyEligible>0</IsMetricKeyEligible>
        <IsMetricValueEligible>0</IsMetricValueEligible>
        <FacetEligible>1</FacetEligible>
        <RangeFacetEligible>0</RangeFacetEligible>
        <TableEligible>1</TableEligible>
        <FacetPriority>1</FacetPriority>
        <Summarizable>1</Summarizable>
        <HighCardinality>1</HighCardinality>
        <LargeData>0</LargeData>
        <MultiValued>0</MultiValued>
        <SMAEnabledSetting>0</SMAEnabledSetting>
    </Field>
    
    <Tag>
<Name>#medium_severity_sensor</Name>
<DisplayName>Medium Severity Sensor</DisplayName>
<IsSystem>0</IsSystem>
<ProblemPriority>MEDIUM</ProblemPriority>
</Tag>
    <Source name="PSFT Sensor: MPN data is in CRDL file and shows in View COD Data but is not showing in Manage Dir Loan Ap - Weekly" oms_version="2.50.2.0.0" configWarningSettings="0">
    <SourceType>database_sql</SourceType>
    <TargetTypes>
        <TargetType>omc_oracle_db_instance</TargetType>
        <TargetType>omc_oracle_pdb</TargetType>
    </TargetTypes>
    <DisplayName>PSFT Sensor: MPN data is in CRDL file and shows in View COD Data but is not showing in Manage Dir Loan Ap - Weekly</DisplayName>
    <Description><![CDATA[Some records are processing correctly and a possible pattern recently discovered is that the problem is happening for 'GRAD Academic Careers]]></Description>
    <IsSystem>0</IsSystem>
    <IsSecureContent>1</IsSecureContent>
    <Patterns>
        <DBPattern dateTimeField="entrytime" dateTimeColumns="entrytime">
        <SQLQuery>
            <![CDATA[select 'PSFT_CS_FA_DL_ITEMTYPE_FAILS_AUTHORIZATION' sensor, to_timestamp(to_char(sysdate, 'YYYY-MM-DD hh24:mi:ss'), 'YYYY-MM-DD hh24:mi:ss') entrytime, s.KEY_DATA FROM (SELECT 'Review ' || Count(*) || ' loan(s) with accepted origination and promissory note but have not been marked as ready for disbursement' as KEY_DATA,   'See Doc ID 2681622.1 For Solution' AS Solution,  'Y' as EVENT  FROM  (SELECT A.EMPLID, A.INSTITUTION, A.AID_YEAR, A.ACAD_CAREER, B.LOAN_TYPE, A.ITEM_TYPE, A.DISBURSEMENT_ID, A.LN_APPL_SEQ  FROM SYSADM.PS_LOAN_STDNT_AWD A, SYSADM.PS_LOAN_ORIG_DTL B, SYSADM.PS_LOAN_ORIGNATN C  WHERE ( A.LN_DISB_AMT_NET = 0  OR A.LN_ACTION_CD NOT IN ('A','C','D'))  AND A.EMPLID = B.EMPLID  AND A.INSTITUTION = B.INSTITUTION  AND A.AID_YEAR = B.AID_YEAR  AND A.ITEM_TYPE = B.ITEM_TYPE  AND A.ACAD_CAREER = B.ACAD_CAREER  AND A.LN_APPL_SEQ = B.LN_APPL_SEQ  AND B.LOAN_TYPE = A.LOAN_TYPE  AND B.LOAN_PROC_STAT = 'S'  AND B.LN_ORIG_TRANS = 'A'  AND A.EMPLID = C.EMPLID  AND A.INSTITUTION = C.INSTITUTION  AND A.AID_YEAR = C.AID_YEAR  AND A.ACAD_CAREER = C.ACAD_CAREER  AND A.LN_APPL_SEQ = C.LN_APPL_SEQ  AND C.LOAN_TYPE = A.LOAN_TYPE  AND C.LN_ORIG_PNOTE_STAT = 'A'  AND C.AID_YEAR = (Select AID_YEAR  From SYSADM.PS_AID_YEAR_TBL  Where INSTITUTION = A.INSTITUTION  And ACAD_YEAR_START <= SYSDATE and ACAD_YEAR_END >= SYSDATE))  having count (*) >= 0) s]]>
        </SQLQuery>
        <IsInclude>1</IsInclude>
            <InUse>1</InUse>
            <DBQueryFieldList>
                <DBPatternSeqField>entrytime</DBPatternSeqField>
                <DBPatternField>
                    <DBQueryColName>sensor</DBQueryColName>
                    <FieldName>udfs1</FieldName>
                </DBPatternField>
                <DBPatternField>
                    <DBQueryColName>entrytime</DBQueryColName>
                    <FieldName>time</FieldName>
                </DBPatternField>
                <DBPatternField>
                                        <DBQueryColName>KEY_DATA</DBQueryColName>
                                        <FieldName>data</FieldName>
                                   </DBPatternField>
            </DBQueryFieldList>
            <IsSystem>0</IsSystem>
            <IsEnabled>1</IsEnabled>
            </DBPattern>
    </Patterns>
        <TagConditions>
            <TagCondition operator="CONTAINS_REGEX" field="udfs1" alertRuleVisible="0">
                <ConditionValues>
                    <ConditionValue>%</ConditionValue>
                </ConditionValues>
                <ConditionTags tagField="mtag">
                    <ConditionTag>#medium_severity_sensor</ConditionTag>
                </ConditionTags>
                <IsSystem>0</IsSystem>
                <IsEnabled>1</IsEnabled>
            </TagCondition>
        </TagConditions>
        <IsHidden>0</IsHidden>
        <IsSMAEnabled>0</IsSMAEnabled>
    </Source>
    <FieldNameMaps>
        <FieldNameMap>
            <Name>udfs1</Name>
            <DisplayName>sensor</DisplayName>
        </FieldNameMap>
        
    </FieldNameMaps>
</LoganContent>