<?xml version="1.0" encoding="UTF-8"?>
<LoganContent oms_version="2.50.2.0.0" name="content_ocid1.tenancy.oc1..aaaaaaaa5s2vdjjrydixjulorcwozffbpna37w5a35p3jhgpyshlkmio6oiq_1650039506307" content_version="2.50.2.0.0" xmlns="http://www.oracle.com/DataCenter/LogAnalyticsStd">
    <Field oms_version="2.50.2.0.0">
        <DisplayName>sensor</DisplayName>
        <FieldType>1</FieldType>
        <IsSystem>0</IsSystem>
        <IsPrimary>1</IsPrimary>
        <DataType>STRING</DataType>
        <IsMetricKeyEligible>0</IsMetricKeyEligible>
        <IsMetricValueEligible>0</IsMetricValueEligible>
        <FacetEligible>1</FacetEligible>
        <RangeFacetEligible>0</RangeFacetEligible>
        <TableEligible>1</TableEligible>
        <FacetPriority>1</FacetPriority>
        <Summarizable>1</Summarizable>
        <HighCardinality>1</HighCardinality>
        <LargeData>0</LargeData>
        <MultiValued>0</MultiValued>
        <SMAEnabledSetting>0</SMAEnabledSetting>
    </Field>
    
    <Tag>
<Name>#medium_severity_sensor</Name>
<DisplayName>Medium Severity Sensor</DisplayName>
<IsSystem>0</IsSystem>
<ProblemPriority>MEDIUM</ProblemPriority>
</Tag>
    <Source name="PSFT Sensor: EOAW data discrepancy - Weekly" oms_version="2.50.2.0.0" configWarningSettings="0">
    <SourceType>database_sql</SourceType>
    <TargetTypes>
        <TargetType>omc_oracle_db_instance</TargetType>
        <TargetType>omc_oracle_pdb</TargetType>
    </TargetTypes>
    <DisplayName>PSFT Sensor: EOAW data discrepancy - Weekly</DisplayName>
    <Description><![CDATA[]]></Description>
    <IsSystem>0</IsSystem>
    <IsSecureContent>1</IsSecureContent>
    <Patterns>
        <DBPattern dateTimeField="entrytime" dateTimeColumns="entrytime">
        <SQLQuery>
            <![CDATA[select 'PSFT_PT_EOAW_CHECK' sensor, to_timestamp(to_char(sysdate, 'YYYY-MM-DD hh24:mi:ss'), 'YYYY-MM-DD hh24:mi:ss') entrytime, s.KEY_DATA FROM (Select 'Review ' || count(*) || ' Possible Out-Of-Sync Counter Value(s) In The PS_EOAW_IDS Table' AS KEY_DATA, 'E-AWE: What is the Best Way to Determine the Correct Values in the PS_EOAW_IDS Table? (Doc ID 1611911.1)' SOLUTION, 'Y' AS EVENT  From(  SELECT distinct 'Mismatch on EOAW counters found on STEPINST_ID' KEY_DATA  FROM SYSADM.PS_EOAW_IDS WHERE EOAWCOUNTERNAME='STEPINST_ID'  AND eoawcounter <= (SELECT MAX(EOAWSTEP_INSTANCE) FROM SYSADM.PS_EOAW_STEPINST)  UNION  SELECT distinct 'Mismatch on EOAW counters found on USERINST_ID' KEY_DATA  FROM SYSADM.PS_EOAW_IDS WHERE EOAWCOUNTERNAME='USERINST_ID'  AND eoawcounter <= (SELECT MAX(EOAWUSTEP_INST_ID) FROM SYSADM.PS_EOAW_USERINST)  UNION  SELECT distinct 'Mismatch on EOAW counters found on STAGE_ID' KEY_DATA  FROM SYSADM.PS_EOAW_IDS WHERE EOAWCOUNTERNAME='STAGE_ID'  AND eoawcounter <= (SELECT MAX(SEQ_NBR) FROM SYSADM.PS_EOAW_STAGE)  UNION  SELECT distinct 'Mismatch on EOAW counters found on ESCALATIONS' KEY_DATA  FROM SYSADM.PS_EOAW_IDS WHERE EOAWCOUNTERNAME='ESCALATIONS'  AND (eoawcounter <= (SELECT MAX(SEQ_NBR) FROM SYSADM.PS_EOAW_TIMEOUT)  OR eoawcounter <= (SELECT MAX(SEQ_NBR) FROM SYSADM.PS_EOAW_TIMEOUTDEF))  UNION  SELECT distinct 'Mismatch on EOAW counters found on NTF_PARENT' KEY_DATA  FROM SYSADM.PS_EOAW_IDS WHERE EOAWCOUNTERNAME='NTF_PARENT'  AND eoawcounter <= (SELECT MAX(SEQ_NBR) FROM SYSADM.PS_EOAW_NTF_PRNT)  UNION  SELECT distinct 'Mismatch on EOAW counters found on CRTA_ID' KEY_DATA  FROM SYSADM.PS_EOAW_IDS WHERE EOAWCOUNTERNAME='CRTA_ID'  AND eoawcounter <= (SELECT MAX(EOAWCRTA_ID) FROM SYSADM.PS_EOAW_AUTH_DTL)  )  having count(*) > 0;) s]]>
        </SQLQuery>
        <IsInclude>1</IsInclude>
            <InUse>1</InUse>
            <DBQueryFieldList>
                <DBPatternSeqField>entrytime</DBPatternSeqField>
                <DBPatternField>
                    <DBQueryColName>sensor</DBQueryColName>
                    <FieldName>udfs1</FieldName>
                </DBPatternField>
                <DBPatternField>
                    <DBQueryColName>entrytime</DBQueryColName>
                    <FieldName>time</FieldName>
                </DBPatternField>
                <DBPatternField>
                                        <DBQueryColName>KEY_DATA</DBQueryColName>
                                        <FieldName>data</FieldName>
                                   </DBPatternField>
            </DBQueryFieldList>
            <IsSystem>0</IsSystem>
            <IsEnabled>1</IsEnabled>
            </DBPattern>
    </Patterns>
        <TagConditions>
            <TagCondition operator="CONTAINS_REGEX" field="udfs1" alertRuleVisible="0">
                <ConditionValues>
                    <ConditionValue>%</ConditionValue>
                </ConditionValues>
                <ConditionTags tagField="mtag">
                    <ConditionTag>#medium_severity_sensor</ConditionTag>
                </ConditionTags>
                <IsSystem>0</IsSystem>
                <IsEnabled>1</IsEnabled>
            </TagCondition>
        </TagConditions>
        <IsHidden>0</IsHidden>
        <IsSMAEnabled>0</IsSMAEnabled>
    </Source>
    <FieldNameMaps>
        <FieldNameMap>
            <Name>udfs1</Name>
            <DisplayName>sensor</DisplayName>
        </FieldNameMap>
        
    </FieldNameMaps>
</LoganContent>