<?xml version="1.0" encoding="UTF-8"?>
<LoganContent oms_version="2.50.2.0.0" name="content_ocid1.tenancy.oc1..aaaaaaaa5s2vdjjrydixjulorcwozffbpna37w5a35p3jhgpyshlkmio6oiq_1650039506307" content_version="2.50.2.0.0" xmlns="http://www.oracle.com/DataCenter/LogAnalyticsStd">
    <Field oms_version="2.50.2.0.0">
        <DisplayName>sensor</DisplayName>
        <FieldType>1</FieldType>
        <IsSystem>0</IsSystem>
        <IsPrimary>1</IsPrimary>
        <DataType>STRING</DataType>
        <IsMetricKeyEligible>0</IsMetricKeyEligible>
        <IsMetricValueEligible>0</IsMetricValueEligible>
        <FacetEligible>1</FacetEligible>
        <RangeFacetEligible>0</RangeFacetEligible>
        <TableEligible>1</TableEligible>
        <FacetPriority>1</FacetPriority>
        <Summarizable>1</Summarizable>
        <HighCardinality>1</HighCardinality>
        <LargeData>0</LargeData>
        <MultiValued>0</MultiValued>
        <SMAEnabledSetting>0</SMAEnabledSetting>
    </Field>
    
    <Tag>
<Name>#medium_severity_sensor</Name>
<DisplayName>Medium Severity Sensor</DisplayName>
<IsSystem>0</IsSystem>
<ProblemPriority>MEDIUM</ProblemPriority>
</Tag>
    <Source name="PSFT Sensor: Benefit Program orphan records - Daily" oms_version="2.50.2.0.0" configWarningSettings="0">
    <SourceType>database_sql</SourceType>
    <TargetTypes>
        <TargetType>omc_oracle_db_instance</TargetType>
        <TargetType>omc_oracle_pdb</TargetType>
    </TargetTypes>
    <DisplayName>PSFT Sensor: Benefit Program orphan records - Daily</DisplayName>
    <Description><![CDATA[]]></Description>
    <IsSystem>0</IsSystem>
    <IsSecureContent>1</IsSecureContent>
    <Patterns>
        <DBPattern dateTimeField="entrytime" dateTimeColumns="entrytime">
        <SQLQuery>
            <![CDATA[select 'PSFT_BEN_BENPROG_ORPH_CHK' sensor, to_timestamp(to_char(sysdate, 'YYYY-MM-DD hh24:mi:ss'), 'YYYY-MM-DD hh24:mi:ss') entrytime, s.KEY_DATA FROM (Select 'Review ' || count(*) || ' Orphaned Row(s) In The Benefit Plan,Option,Cost Tables' AS KEY_DATA, 'Benefits Administration Error: Cost not found for Pgm/Plan/Optn (Doc ID 607150.1)' SOLUTION, 'Y' AS EVENT  From(  SELECT 'Potential Ben Admin Process Issue Caused By Benefit Program Structure Orphaned Data (See KM 607150.1 - Go To Item#12)' AS KEY_DATA  FROM SYSADM.PS_BEN_DEFN_PLAN A WHERE NOT EXISTS (SELECT * FROM SYSADM.PS_BEN_DEFN_PGM B WHERE B.BENEFIT_PROGRAM = A.BENEFIT_PROGRAM AND B.EFFDT = A.EFFDT)  UNION  SELECT 'Potential Ben Admin Process Issue Caused By Benefit Program Structure Orphaned Data (See KM 607150.1 - Go To Item#12)' AS KEY_DATA  FROM SYSADM.PS_BEN_DEFN_OPTN A WHERE NOT EXISTS (SELECT * FROM SYSADM.PS_BEN_DEFN_PLAN B WHERE B.BENEFIT_PROGRAM = A.BENEFIT_PROGRAM AND B.EFFDT = A.EFFDT AND B.PLAN_TYPE = A.PLAN_TYPE)  UNION  SELECT 'Potential Ben Admin Process Issue Caused By Benefit Program Structure Orphaned Data (See KM 607150.1 - Go To Item#12)' AS KEY_DATA  FROM SYSADM.PS_BEN_DEFN_COST A WHERE NOT EXISTS (SELECT * FROM SYSADM.PS_BEN_DEFN_OPTN B WHERE B.BENEFIT_PROGRAM = A.BENEFIT_PROGRAM AND B.EFFDT = A.EFFDT AND B.PLAN_TYPE = A.PLAN_TYPE AND B.OPTION_ID = A.OPTION_ID)  )  having count(*) > 0) s]]>
        </SQLQuery>
        <IsInclude>1</IsInclude>
            <InUse>1</InUse>
            <DBQueryFieldList>
                <DBPatternSeqField>entrytime</DBPatternSeqField>
                <DBPatternField>
                    <DBQueryColName>sensor</DBQueryColName>
                    <FieldName>udfs1</FieldName>
                </DBPatternField>
                <DBPatternField>
                    <DBQueryColName>entrytime</DBQueryColName>
                    <FieldName>time</FieldName>
                </DBPatternField>
                <DBPatternField>
                                        <DBQueryColName>KEY_DATA</DBQueryColName>
                                        <FieldName>probkey</FieldName>
                                   </DBPatternField>
            </DBQueryFieldList>
            <IsSystem>0</IsSystem>
            <IsEnabled>1</IsEnabled>
            </DBPattern>
    </Patterns>
        <TagConditions>
            <TagCondition operator="CONTAINS_REGEX" field="udfs1" alertRuleVisible="0">
                <ConditionValues>
                    <ConditionValue>%</ConditionValue>
                </ConditionValues>
                <ConditionTags tagField="mtag">
                    <ConditionTag>#medium_severity_sensor</ConditionTag>
                </ConditionTags>
                <IsSystem>0</IsSystem>
                <IsEnabled>1</IsEnabled>
            </TagCondition>
        </TagConditions>
        <IsHidden>0</IsHidden>
        <IsSMAEnabled>0</IsSMAEnabled>
    </Source>
    <FieldNameMaps>
        <FieldNameMap>
            <Name>udfs1</Name>
            <DisplayName>sensor</DisplayName>
        </FieldNameMap>
        
    </FieldNameMaps>
</LoganContent>