<?xml version="1.0" encoding="UTF-8"?>
<LoganContent oms_version="2.50.2.0.0" name="content_ocid1.tenancy.oc1..aaaaaaaa5s2vdjjrydixjulorcwozffbpna37w5a35p3jhgpyshlkmio6oiq_1650039506307" content_version="2.50.2.0.0" xmlns="http://www.oracle.com/DataCenter/LogAnalyticsStd">
    <Field oms_version="2.50.2.0.0">
        <DisplayName>sensor</DisplayName>
        <FieldType>1</FieldType>
        <IsSystem>0</IsSystem>
        <IsPrimary>1</IsPrimary>
        <DataType>STRING</DataType>
        <IsMetricKeyEligible>0</IsMetricKeyEligible>
        <IsMetricValueEligible>0</IsMetricValueEligible>
        <FacetEligible>1</FacetEligible>
        <RangeFacetEligible>0</RangeFacetEligible>
        <TableEligible>1</TableEligible>
        <FacetPriority>1</FacetPriority>
        <Summarizable>1</Summarizable>
        <HighCardinality>1</HighCardinality>
        <LargeData>0</LargeData>
        <MultiValued>0</MultiValued>
        <SMAEnabledSetting>0</SMAEnabledSetting>
    </Field>
    
    <Tag>
<Name>#medium_severity_sensor</Name>
<DisplayName>Medium Severity Sensor</DisplayName>
<IsSystem>0</IsSystem>
<ProblemPriority>MEDIUM</ProblemPriority>
</Tag>
    <Source name="PSFT Sensor: Corrupted data rows in ledger - Monthly" oms_version="2.50.2.0.0" configWarningSettings="0">
    <SourceType>database_sql</SourceType>
    <TargetTypes>
        <TargetType>omc_oracle_db_instance</TargetType>
        <TargetType>omc_oracle_pdb</TargetType>
    </TargetTypes>
    <DisplayName>PSFT Sensor: Corrupted data rows in ledger - Monthly</DisplayName>
    <Description><![CDATA[]]></Description>
    <IsSystem>0</IsSystem>
    <IsSecureContent>1</IsSecureContent>
    <Patterns>
        <DBPattern dateTimeField="entrytime" dateTimeColumns="entrytime">
        <SQLQuery>
            <![CDATA[select 'PSFT_GL_CORRUPTED_DATA_CHECK' sensor, to_timestamp(to_char(sysdate, 'YYYY-MM-DD hh24:mi:ss'), 'YYYY-MM-DD hh24:mi:ss') entrytime, s.KEY_DATA FROM (select 'Y' as EVENT  , count(*) || ' Corrupted data rows(Currency code and Base currency same but corresponding Transaction amount and Base amounts differ) exist in Ledger record' as KEY_DATA  , 'Please Follow instructions in KM Doc ID 2393860.1' as SOLUTION  from (  SELECT distinct  'Corrupted data rows(Currency code and Base currency same but corresponding Transaction amount and Base amounts differ) exist in Ledger record for Business Unit '||Z.BUSINESS_UNIT||', Ledger '||Z.LEDGER||', Fiscal year '||Z.FISCAL_YEAR KEY_DATA  FROM (SELECT A.BUSINESS_UNIT, A.LEDGER, A.FISCAL_YEAR FROM SYSADM.PS_LEDGER A WHERE  A.FISCAL_YEAR IN (  (SELECT TO_CHAR(SYSDATE,'YYYY') FROM DUAL),  (SELECT TO_CHAR(SYSDATE,'YYYY')-1 FROM DUAL),  (SELECT TO_CHAR(SYSDATE,'YYYY')+1 FROM DUAL))  AND A.CURRENCY_CD = A.BASE_CURRENCY  AND A.BASE_CURRENCY <> ' '  AND A.POSTED_TRAN_AMT <> A.POSTED_BASE_AMT) Z  UNION  SELECT distinct 'Corrupted data rows with multiple Base currency exist in Ledger record for Business Unit '||Z.BUSINESS_UNIT||', Ledger '||Z.LEDGER KEY_DATA  FROM (SELECT DISTINCT A.BUSINESS_UNIT, A.LEDGER, COUNT(DISTINCT BASE_CURRENCY) FROM SYSADM.PS_LEDGER A WHERE  A.BASE_CURRENCY <> ' ' AND  A.FISCAL_YEAR IN(  (SELECT TO_CHAR(SYSDATE,'YYYY') FROM DUAL),  (SELECT TO_CHAR(SYSDATE,'YYYY')-1 FROM DUAL),  (SELECT TO_CHAR(SYSDATE,'YYYY')+1 FROM DUAL))  GROUP BY A.BUSINESS_UNIT, A.LEDGER  HAVING COUNT(DISTINCT BASE_CURRENCY) > 1) Z  ) having count(*) >= 1) s]]>
        </SQLQuery>
        <IsInclude>1</IsInclude>
            <InUse>1</InUse>
            <DBQueryFieldList>
                <DBPatternSeqField>entrytime</DBPatternSeqField>
                <DBPatternField>
                    <DBQueryColName>sensor</DBQueryColName>
                    <FieldName>udfs1</FieldName>
                </DBPatternField>
                <DBPatternField>
                    <DBQueryColName>entrytime</DBQueryColName>
                    <FieldName>time</FieldName>
                </DBPatternField>
                <DBPatternField>
                                        <DBQueryColName>KEY_DATA</DBQueryColName>
                                        <FieldName>probkey</FieldName>
                                   </DBPatternField>
            </DBQueryFieldList>
            <IsSystem>0</IsSystem>
            <IsEnabled>1</IsEnabled>
            </DBPattern>
    </Patterns>
        <TagConditions>
            <TagCondition operator="CONTAINS_REGEX" field="udfs1" alertRuleVisible="0">
                <ConditionValues>
                    <ConditionValue>%</ConditionValue>
                </ConditionValues>
                <ConditionTags tagField="mtag">
                    <ConditionTag>#medium_severity_sensor</ConditionTag>
                </ConditionTags>
                <IsSystem>0</IsSystem>
                <IsEnabled>1</IsEnabled>
            </TagCondition>
        </TagConditions>
        <IsHidden>0</IsHidden>
        <IsSMAEnabled>0</IsSMAEnabled>
    </Source>
    <FieldNameMaps>
        <FieldNameMap>
            <Name>udfs1</Name>
            <DisplayName>sensor</DisplayName>
        </FieldNameMap>
        
    </FieldNameMaps>
</LoganContent>