<?xml version="1.0" encoding="UTF-8"?>
<LoganContent oms_version="2.50.2.0.0" name="content_ocid1.tenancy.oc1..aaaaaaaa5s2vdjjrydixjulorcwozffbpna37w5a35p3jhgpyshlkmio6oiq_1650039506307" content_version="2.50.2.0.0" xmlns="http://www.oracle.com/DataCenter/LogAnalyticsStd">
    <Field oms_version="2.50.2.0.0">
        <DisplayName>sensor</DisplayName>
        <FieldType>1</FieldType>
        <IsSystem>0</IsSystem>
        <IsPrimary>1</IsPrimary>
        <DataType>STRING</DataType>
        <IsMetricKeyEligible>0</IsMetricKeyEligible>
        <IsMetricValueEligible>0</IsMetricValueEligible>
        <FacetEligible>1</FacetEligible>
        <RangeFacetEligible>0</RangeFacetEligible>
        <TableEligible>1</TableEligible>
        <FacetPriority>1</FacetPriority>
        <Summarizable>1</Summarizable>
        <HighCardinality>1</HighCardinality>
        <LargeData>0</LargeData>
        <MultiValued>0</MultiValued>
        <SMAEnabledSetting>0</SMAEnabledSetting>
    </Field>
    
    <Tag>
<Name>#medium_severity_sensor</Name>
<DisplayName>Medium Severity Sensor</DisplayName>
<IsSystem>0</IsSystem>
<ProblemPriority>MEDIUM</ProblemPriority>
</Tag>
    <Source name="PSFT Sensor: Unmatched financial details in header and line - Daily" oms_version="2.50.2.0.0" configWarningSettings="0">
    <SourceType>database_sql</SourceType>
    <TargetTypes>
        <TargetType>omc_oracle_db_instance</TargetType>
        <TargetType>omc_oracle_pdb</TargetType>
    </TargetTypes>
    <DisplayName>PSFT Sensor: Unmatched financial details in header and line - Daily</DisplayName>
    <Description><![CDATA[]]></Description>
    <IsSystem>0</IsSystem>
    <IsSecureContent>1</IsSecureContent>
    <Patterns>
        <DBPattern dateTimeField="entrytime" dateTimeColumns="entrytime">
        <SQLQuery>
            <![CDATA[select 'PSFT_EXPENSES_OUT_OF_SYNC' sensor, to_timestamp(to_char(sysdate, 'YYYY-MM-DD hh24:mi:ss'), 'YYYY-MM-DD hh24:mi:ss') entrytime, s.KEY_DATA FROM (select 'Y' as EVENT  , count(*) || ' Expense header and line statuses out of sync' AS KEY_DATA  , 'Follow instructions in KM Doc ID 2413707.1' AS SOLUTION  from(  SELECT A.OUTOFSYNC  FROM (SELECT(  (SELECT A.EROOS  FROM (SELECT  ((SELECT Count(*) FROM SYSADM.PS_EX_SHEET_HDR A WHERE A.SHEET_STATUS IN ('APY','DEN','STG','PD','CLS')  AND A.SHEET_ID IN (SELECT B.SHEET_ID FROM SYSADM.PS_EX_SHEET_LINE B WHERE A.SHEET_ID = B.SHEET_ID AND B.EX_LINE_STATUS IN ('HDA','HDU','HLD','MFS','OPN','PND','PRO','XML','PAR'))  AND (EXTRACT(HOUR FROM (SYSDATE-A.LASTUPDDTTM))*60 + EXTRACT(MINUTE FROM (SYSDATE-A.LASTUPDDTTM))) > 15  AND A.LASTUPDDTTM > SYSDATE - 1)  +  (SELECT Count (*) FROM SYSADM.PS_EX_SHEET_HDR A WHERE A.SHEET_STATUS NOT IN ('APY','DEN','STG','PD','CLS')  AND A.SHEET_ID NOT IN (SELECT B.SHEET_ID FROM SYSADM.PS_EX_SHEET_LINE B WHERE A.SHEET_ID = B.SHEET_ID AND EX_LINE_STATUS IN('HDA','HDU','HLD','MFS','OPN','PND','PRO','XML','PAR','SFA','SUB'))  AND (EXTRACT(HOUR FROM (SYSDATE-A.LASTUPDDTTM))*60 + EXTRACT(MINUTE FROM (SYSDATE-A.LASTUPDDTTM))) > 15  AND A.LASTUPDDTTM > SYSDATE - 1)) EROOS FROM SYSADM.PS_INSTALLATION) A  WHERE A.EROOS > 0)  ||  (SELECT A.TAOOS  FROM (SELECT  ((SELECT Count (*) FROM SYSADM.PS_EX_TAUTH_HDR A WHERE TRAVEL_AUTH_STATUS IN ('APR','DEN','DNA','DNU','CLS')  AND A.TRAVEL_AUTH_ID IN (SELECT B.TRAVEL_AUTH_ID FROM SYSADM.PS_EX_TAUTH_LINE B WHERE A.TRAVEL_AUTH_ID = B.TRAVEL_AUTH_ID AND EX_LINE_STATUS IN ('HDA','HDU','HLD','MFS','OPN','PND','PRO','XML','PAR'))  AND (EXTRACT(HOUR FROM (SYSDATE-A.LASTUPDDTTM))*60 + EXTRACT(MINUTE FROM (SYSDATE-A.LASTUPDDTTM))) > 15  AND A.LASTUPDDTTM > SYSDATE - 1)  +  (SELECT Count (*) FROM SYSADM.PS_EX_TAUTH_HDR A WHERE TRAVEL_AUTH_STATUS NOT IN ('APR','DEN','DNA','DNU','CLS')  AND TRAVEL_AUTH_ID NOT IN (SELECT B.TRAVEL_AUTH_ID FROM SYSADM.PS_EX_TAUTH_LINE B WHERE A.TRAVEL_AUTH_ID = B.TRAVEL_AUTH_ID AND EX_LINE_STATUS IN ('HDA','HDU','HLD','MFS','OPN','PND','PRO','XML','PAR','SFA','SUB'))  AND (EXTRACT(HOUR FROM (SYSDATE-A.LASTUPDDTTM))*60 + EXTRACT(MINUTE FROM (SYSDATE-A.LASTUPDDTTM))) > 15  AND A.LASTUPDDTTM > SYSDATE - 1)) TAOOS FROM SYSADM.PS_INSTALLATION) A  WHERE A.TAOOS > 0)  ||  (SELECT A.CAOOS  FROM (SELECT  ((SELECT Count (*) FROM SYSADM.PS_EX_ADV_HDR A WHERE A.ADV_STATUS IN ('APY','DEN','DNA','DNU','STG','PD','CLS')  AND A.ADVANCE_ID IN (SELECT B.ADVANCE_ID FROM SYSADM.PS_EX_ADV_LINE B WHERE A.ADVANCE_ID = B.ADVANCE_ID AND EX_LINE_STATUS IN ('HDA','HDU','HLD','MFS','OPN','PND','PRO','XML','PAR'))  AND (EXTRACT(HOUR FROM (SYSDATE-A.LASTUPDDTTM))*60 + EXTRACT(MINUTE FROM (SYSDATE-A.LASTUPDDTTM))) > 15  AND A.LASTUPDDTTM > SYSDATE - 1)  +  (SELECT Count (*) FROM SYSADM.PS_EX_ADV_HDR A WHERE A.ADV_STATUS NOT IN ('APY','DEN','DNA','DNU','STG','PD','CLS')  AND A.ADVANCE_ID NOT IN (SELECT B.ADVANCE_ID FROM SYSADM.PS_EX_ADV_LINE B WHERE A.ADVANCE_ID = B.ADVANCE_ID AND EX_LINE_STATUS IN('HDA','HDU','HLD','MFS','OPN','PND','PRO','XML','PAR','SFA','SUB'))  AND (EXTRACT(HOUR FROM (SYSDATE-A.LASTUPDDTTM))*60 + EXTRACT(MINUTE FROM (SYSDATE-A.LASTUPDDTTM))) > 15  AND A.LASTUPDDTTM > SYSDATE - 1)) CAOOS FROM SYSADM.PS_INSTALLATION) A  WHERE A.CAOOS > 0)  ||  (SELECT A.TROOS  FROM (SELECT  ((SELECT Count (*) FROM SYSADM.PS_EX_TIME_HDR A WHERE A.TIME_SHEET_STATUS IN ('APR','DEN','DNA','DNU')  AND A.TIME_SHEET_ID IN (SELECT B.TIME_SHEET_ID FROM SYSADM.PS_EX_TIME_DTL B WHERE A.TIME_SHEET_ID = B.TIME_SHEET_ID AND EX_LINE_STATUS IN ('HDA','HDU','HLD','MFS','OPN','PND','PRO','XML','PAR'))  AND (EXTRACT(HOUR FROM (SYSDATE-A.LASTUPDDTTM))*60 + EXTRACT(MINUTE FROM (SYSDATE-A.LASTUPDDTTM))) > 15  AND A.LASTUPDDTTM > SYSDATE - 1)  +  (SELECT Count (*) FROM SYSADM.PS_EX_TIME_HDR A WHERE A.TIME_SHEET_STATUS NOT IN ('APR','DEN','DNA','DNU')  AND A.TIME_SHEET_ID NOT IN (SELECT B.TIME_SHEET_ID FROM SYSADM.PS_EX_TIME_DTL B WHERE A.TIME_SHEET_ID = B.TIME_SHEET_ID AND EX_LINE_STATUS IN('HDA','HDU','HLD','MFS','OPN','PND','PRO','XML','PAR','SFA','SUB'))  AND (EXTRACT(HOUR FROM (SYSDATE-A.LASTUPDDTTM))*60 + EXTRACT(MINUTE FROM (SYSDATE-A.LASTUPDDTTM))) > 15  AND A.LASTUPDDTTM > SYSDATE - 1)) TROOS FROM SYSADM.PS_INSTALLATION) A  WHERE A.TROOS > 0)) OUTOFSYNC From SYSADM.PS_INSTALLATION) A  WHERE A.OUTOFSYNC IS NOT NULL  ) having count(*) >= 1) s]]>
        </SQLQuery>
        <IsInclude>1</IsInclude>
            <InUse>1</InUse>
            <DBQueryFieldList>
                <DBPatternSeqField>entrytime</DBPatternSeqField>
                <DBPatternField>
                    <DBQueryColName>sensor</DBQueryColName>
                    <FieldName>udfs1</FieldName>
                </DBPatternField>
                <DBPatternField>
                    <DBQueryColName>entrytime</DBQueryColName>
                    <FieldName>time</FieldName>
                </DBPatternField>
                <DBPatternField>
                                        <DBQueryColName>KEY_DATA</DBQueryColName>
                                        <FieldName>probkey</FieldName>
                                   </DBPatternField>
            </DBQueryFieldList>
            <IsSystem>0</IsSystem>
            <IsEnabled>1</IsEnabled>
            </DBPattern>
    </Patterns>
        <TagConditions>
            <TagCondition operator="CONTAINS_REGEX" field="udfs1" alertRuleVisible="0">
                <ConditionValues>
                    <ConditionValue>%</ConditionValue>
                </ConditionValues>
                <ConditionTags tagField="mtag">
                    <ConditionTag>#medium_severity_sensor</ConditionTag>
                </ConditionTags>
                <IsSystem>0</IsSystem>
                <IsEnabled>1</IsEnabled>
            </TagCondition>
        </TagConditions>
        <IsHidden>0</IsHidden>
        <IsSMAEnabled>0</IsSMAEnabled>
    </Source>
    <FieldNameMaps>
        <FieldNameMap>
            <Name>udfs1</Name>
            <DisplayName>sensor</DisplayName>
        </FieldNameMap>
        
    </FieldNameMaps>
</LoganContent>