<?xml version="1.0" encoding="UTF-8"?>
<LoganContent oms_version="2.50.2.0.0" name="content_ocid1.tenancy.oc1..aaaaaaaa5s2vdjjrydixjulorcwozffbpna37w5a35p3jhgpyshlkmio6oiq_1650039506307" content_version="2.50.2.0.0" xmlns="http://www.oracle.com/DataCenter/LogAnalyticsStd">
    <Field oms_version="2.50.2.0.0">
        <DisplayName>sensor</DisplayName>
        <FieldType>1</FieldType>
        <IsSystem>0</IsSystem>
        <IsPrimary>1</IsPrimary>
        <DataType>STRING</DataType>
        <IsMetricKeyEligible>0</IsMetricKeyEligible>
        <IsMetricValueEligible>0</IsMetricValueEligible>
        <FacetEligible>1</FacetEligible>
        <RangeFacetEligible>0</RangeFacetEligible>
        <TableEligible>1</TableEligible>
        <FacetPriority>1</FacetPriority>
        <Summarizable>1</Summarizable>
        <HighCardinality>1</HighCardinality>
        <LargeData>0</LargeData>
        <MultiValued>0</MultiValued>
        <SMAEnabledSetting>0</SMAEnabledSetting>
    </Field>
    
    <Tag>
<Name>#medium_severity_sensor</Name>
<DisplayName>Medium Severity Sensor</DisplayName>
<IsSystem>0</IsSystem>
<ProblemPriority>MEDIUM</ProblemPriority>
</Tag>
    <Source name="PSFT Sensor: Conflicting retro triggers for employee - Weekly" oms_version="2.50.2.0.0" configWarningSettings="0">
    <SourceType>database_sql</SourceType>
    <TargetTypes>
        <TargetType>omc_oracle_db_instance</TargetType>
        <TargetType>omc_oracle_pdb</TargetType>
    </TargetTypes>
    <DisplayName>PSFT Sensor: Conflicting retro triggers for employee - Weekly</DisplayName>
    <Description><![CDATA[]]></Description>
    <IsSystem>0</IsSystem>
    <IsSecureContent>1</IsSecureContent>
    <Patterns>
        <DBPattern dateTimeField="entrytime" dateTimeColumns="entrytime">
        <SQLQuery>
            <![CDATA[select 'PSFT_GP_CONFLICTING_RETRO_TRIGGERS_FOR_EMPLOYEE' sensor, to_timestamp(to_char(sysdate, 'YYYY-MM-DD hh24:mi:ss'), 'YYYY-MM-DD hh24:mi:ss') entrytime, s.KEY_DATA FROM (select 'Y' as EVENT,   count(*) || ' Conflicting Retro triggers found for an employee in Payroll Run' as KEY_DATA,  'Proposed solution: PSFT Global Payroll - Conflicting Retro Triggers For An Employee In A Payroll Run (Doc ID 2576660.1)' AS SOLUTION  from (  SELECT DISTINCT  ('EmplID = ' || A.EMPLID || '; Country = ' || A.COUNTRY || '; Retro Process Definition ID = ' || C.RTO_PRC_ID || '; Calendar Group = ' || A.CAL_RUN_ID|| '; Trigger Event ID = ' || C.TRGR_EVENT_ID) as KEY_DATA  FROM SYSADM.PS_GP_PYE_PRC_STAT A  ,SYSADM.PS_GP_RTO_TRGR B  ,SYSADM.PS_GP_RTO_EVT C  WHERE A.CAL_RUN_ID <>' '  AND A.SEL_STAT IN ('A','I')  AND A.PRD_TYPE = 'C'  AND A.EMPLID = B.EMPLID  AND B.CAL_RUN_ID = A.CAL_RUN_ID  AND A.COUNTRY = B.COUNTRY  AND C.COUNTRY = B.COUNTRY  AND C.TRGR_EVENT_ID = B.TRGR_EVENT_ID  AND  (EXISTS  (SELECT EMPLID FROM SYSADM.PS_GP_ITER_TRGR I  WHERE I.CAL_RUN_ID= A.CAL_RUN_ID  AND I.ITER_TRGR_STATUS='I'  AND I.EMPLID = A.EMPLID  )  )  AND A.PRC_ORD_TS =  (SELECT MIN(X.PRC_ORD_TS) FROM SYSADM.PS_GP_PYE_PRC_STAT X  WHERE X.EMPLID = A.EMPLID  AND X.EMPL_RCD = A.EMPL_RCD  AND X.CAL_RUN_ID = A.CAL_RUN_ID)  ) having count(*) >= 1) s]]>
        </SQLQuery>
        <IsInclude>1</IsInclude>
            <InUse>1</InUse>
            <DBQueryFieldList>
                <DBPatternSeqField>entrytime</DBPatternSeqField>
                <DBPatternField>
                    <DBQueryColName>sensor</DBQueryColName>
                    <FieldName>udfs1</FieldName>
                </DBPatternField>
                <DBPatternField>
                    <DBQueryColName>entrytime</DBQueryColName>
                    <FieldName>time</FieldName>
                </DBPatternField>
                <DBPatternField>
                                        <DBQueryColName>KEY_DATA</DBQueryColName>
                                        <FieldName>probkey</FieldName>
                                   </DBPatternField>
            </DBQueryFieldList>
            <IsSystem>0</IsSystem>
            <IsEnabled>1</IsEnabled>
            </DBPattern>
    </Patterns>
        <TagConditions>
            <TagCondition operator="CONTAINS_REGEX" field="udfs1" alertRuleVisible="0">
                <ConditionValues>
                    <ConditionValue>%</ConditionValue>
                </ConditionValues>
                <ConditionTags tagField="mtag">
                    <ConditionTag>#medium_severity_sensor</ConditionTag>
                </ConditionTags>
                <IsSystem>0</IsSystem>
                <IsEnabled>1</IsEnabled>
            </TagCondition>
        </TagConditions>
        <IsHidden>0</IsHidden>
        <IsSMAEnabled>0</IsSMAEnabled>
    </Source>
    <FieldNameMaps>
        <FieldNameMap>
            <Name>udfs1</Name>
            <DisplayName>sensor</DisplayName>
        </FieldNameMap>
        
    </FieldNameMaps>
</LoganContent>