<?xml version="1.0" encoding="UTF-8"?>
<LoganContent oms_version="2.50.2.0.0" name="content_ocid1.tenancy.oc1..aaaaaaaa5s2vdjjrydixjulorcwozffbpna37w5a35p3jhgpyshlkmio6oiq_1650039506307" content_version="2.50.2.0.0" xmlns="http://www.oracle.com/DataCenter/LogAnalyticsStd">
    <Field oms_version="2.50.2.0.0">
        <DisplayName>sensor</DisplayName>
        <FieldType>1</FieldType>
        <IsSystem>0</IsSystem>
        <IsPrimary>1</IsPrimary>
        <DataType>STRING</DataType>
        <IsMetricKeyEligible>0</IsMetricKeyEligible>
        <IsMetricValueEligible>0</IsMetricValueEligible>
        <FacetEligible>1</FacetEligible>
        <RangeFacetEligible>0</RangeFacetEligible>
        <TableEligible>1</TableEligible>
        <FacetPriority>1</FacetPriority>
        <Summarizable>1</Summarizable>
        <HighCardinality>1</HighCardinality>
        <LargeData>0</LargeData>
        <MultiValued>0</MultiValued>
        <SMAEnabledSetting>0</SMAEnabledSetting>
    </Field>
    
    <Tag>
<Name>#medium_severity_sensor</Name>
<DisplayName>Medium Severity Sensor</DisplayName>
<IsSystem>0</IsSystem>
<ProblemPriority>MEDIUM</ProblemPriority>
</Tag>
    <Source name="PSFT Sensor: Direct reports table check - Daily" oms_version="2.50.2.0.0" configWarningSettings="0">
    <SourceType>database_sql</SourceType>
    <TargetTypes>
        <TargetType>omc_oracle_db_instance</TargetType>
        <TargetType>omc_oracle_pdb</TargetType>
    </TargetTypes>
    <DisplayName>PSFT Sensor: Direct reports table check - Daily</DisplayName>
    <Description><![CDATA[]]></Description>
    <IsSystem>0</IsSystem>
    <IsSecureContent>1</IsSecureContent>
    <Patterns>
        <DBPattern dateTimeField="entrytime" dateTimeColumns="entrytime">
        <SQLQuery>
            <![CDATA[select 'PSFT_HR_DIRECT_REPORTS_TABLE_CHECK' sensor, to_timestamp(to_char(sysdate, 'YYYY-MM-DD hh24:mi:ss'), 'YYYY-MM-DD hh24:mi:ss') entrytime, s.KEY_DATA FROM ( SELECT ('Direct Rpts 2 = ' || HR_DR_READY_2 || ' Direct Rpts 2 Dttm = ' || HR_DR2BLD_DTTM || ' Direct Rpts 3 = ' || HR_DR_READY_3 || ' Direct Rpts 3 Dttm = ' || HR_DR3BLD_DTTM || ' Direct Rpts 4 = ' || HR_DR_READY_4 || '  Direct Rpts 4 Dttm = ' || HR_DR4BLD_DTTM || '  Direct Rpts 5 = ' || HR_DR_READY_5 || '  Direct Rpts 5 Dttm = ' || HR_DR5BLD_DTTM || '  Direct Rpts 6 = ' || HR_DR_READY_6 || '  Direct Rpts 6 Dttm = ' || HR_DR6BLD_DTTM)  KEY_DATA, 'Investigate possible staleness in PS_HR_DR_CONTROL table' ACTION, 'Y'  AS EVENT FROM SYSADM.PS_HR_DR_CONTROL WHERE  ((HR_DR_READY_2 = 'N' and (exists (select 'X' from SYSADM.PS_SS_LINK_TBL where access_type = '2') or exists (select 'X' from SYSADM.ps_hr_dr_ui_cfg where access_type = '2')) ) or ( hr_dr2bld_dttm < sysdate - 2 and HR_DR_READY_2 = 'Y'))  or ((HR_DR_READY_3 = 'N' and (exists (select 'X' from SYSADM.PS_SS_LINK_TBL where access_type = '3') or exists (select 'X' from SYSADM.ps_hr_dr_ui_cfg where access_type = '3')) ) or ( hr_dr3bld_dttm < sysdate - 2 and HR_DR_READY_3 = 'Y'))  or ((HR_DR_READY_4 = 'N' and (exists (select 'X' from SYSADM.PS_SS_LINK_TBL where access_type = '4') or exists (select 'X' from SYSADM.ps_hr_dr_ui_cfg where access_type = '4')) ) or ( hr_dr4bld_dttm < sysdate - 2 and HR_DR_READY_4 = 'Y'))  or ((HR_DR_READY_5 = 'N' and (exists (select 'X' from SYSADM.PS_SS_LINK_TBL where access_type = '5') or exists (select 'X' from SYSADM.ps_hr_dr_ui_cfg where access_type = '5')) ) or ( hr_dr5bld_dttm < sysdate - 2 and HR_DR_READY_5 = 'Y'))  or ((HR_DR_READY_6 = 'N' and (exists (select 'X' from SYSADM.PS_SS_LINK_TBL where access_type = '6') or exists (select 'X' from SYSADM.ps_hr_dr_ui_cfg where access_type = '6')) ) or ( hr_dr6bld_dttm < sysdate - 2 and HR_DR_READY_6 = 'Y'))) s]]>
        </SQLQuery>
        <IsInclude>1</IsInclude>
            <InUse>1</InUse>
            <DBQueryFieldList>
                <DBPatternSeqField>entrytime</DBPatternSeqField>
                <DBPatternField>
                    <DBQueryColName>sensor</DBQueryColName>
                    <FieldName>udfs1</FieldName>
                </DBPatternField>
                <DBPatternField>
                    <DBQueryColName>entrytime</DBQueryColName>
                    <FieldName>time</FieldName>
                </DBPatternField>
                <DBPatternField>
                                        <DBQueryColName>KEY_DATA</DBQueryColName>
                                        <FieldName>data</FieldName>
                                   </DBPatternField>
            </DBQueryFieldList>
            <IsSystem>0</IsSystem>
            <IsEnabled>1</IsEnabled>
            </DBPattern>
    </Patterns>
        <TagConditions>
            <TagCondition operator="CONTAINS_REGEX" field="udfs1" alertRuleVisible="0">
                <ConditionValues>
                    <ConditionValue>%</ConditionValue>
                </ConditionValues>
                <ConditionTags tagField="mtag">
                    <ConditionTag>#medium_severity_sensor</ConditionTag>
                </ConditionTags>
                <IsSystem>0</IsSystem>
                <IsEnabled>1</IsEnabled>
            </TagCondition>
        </TagConditions>
        <IsHidden>0</IsHidden>
        <IsSMAEnabled>0</IsSMAEnabled>
    </Source>
    <FieldNameMaps>
        <FieldNameMap>
            <Name>udfs1</Name>
            <DisplayName>sensor</DisplayName>
        </FieldNameMap>
        
    </FieldNameMaps>
</LoganContent>