<?xml version="1.0" encoding="UTF-8"?>
<LoganContent oms_version="2.50.2.0.0" name="content_ocid1.tenancy.oc1..aaaaaaaa5s2vdjjrydixjulorcwozffbpna37w5a35p3jhgpyshlkmio6oiq_1650039506307" content_version="2.50.2.0.0" xmlns="http://www.oracle.com/DataCenter/LogAnalyticsStd">
    <Field oms_version="2.50.2.0.0">
        <DisplayName>sensor</DisplayName>
        <FieldType>1</FieldType>
        <IsSystem>0</IsSystem>
        <IsPrimary>1</IsPrimary>
        <DataType>STRING</DataType>
        <IsMetricKeyEligible>0</IsMetricKeyEligible>
        <IsMetricValueEligible>0</IsMetricValueEligible>
        <FacetEligible>1</FacetEligible>
        <RangeFacetEligible>0</RangeFacetEligible>
        <TableEligible>1</TableEligible>
        <FacetPriority>1</FacetPriority>
        <Summarizable>1</Summarizable>
        <HighCardinality>1</HighCardinality>
        <LargeData>0</LargeData>
        <MultiValued>0</MultiValued>
        <SMAEnabledSetting>0</SMAEnabledSetting>
    </Field>
    
    <Tag>
<Name>#medium_severity_sensor</Name>
<DisplayName>Medium Severity Sensor</DisplayName>
<IsSystem>0</IsSystem>
<ProblemPriority>MEDIUM</ProblemPriority>
</Tag>
    <Source name="PSFT Sensor: IB transactions stuck - Daily" oms_version="2.50.2.0.0" configWarningSettings="0">
    <SourceType>database_sql</SourceType>
    <TargetTypes>
        <TargetType>omc_oracle_db_instance</TargetType>
        <TargetType>omc_oracle_pdb</TargetType>
    </TargetTypes>
    <DisplayName>PSFT Sensor: IB transactions stuck - Daily</DisplayName>
    <Description><![CDATA[]]></Description>
    <IsSystem>0</IsSystem>
    <IsSecureContent>1</IsSecureContent>
    <Patterns>
        <DBPattern dateTimeField="entrytime" dateTimeColumns="entrytime">
        <SQLQuery>
            <![CDATA[select 'PSFT_PT_IB_STUCK_QUEUE' sensor, to_timestamp(to_char(sysdate, 'YYYY-MM-DD hh24:mi:ss'), 'YYYY-MM-DD hh24:mi:ss') entrytime, s.KEY_DATA FROM (Select 'Review ' || count(*) || ' IB Messaging Transaction(s) Stuck In Working Status' AS KEY_DATA, 'E-IB: Messaging Transactions Stuck In Working - How to Cancel? (Doc ID 1350404.1)' SOLUTION, 'Y' AS EVENT  From(  SELECT DISTINCT 'TransactionID=' || A.IBTRANSACTIONID || ',Service Operation=' ||  A.IB_OPERATIONNAME || ',Queue=' || A.QUEUENAME || ',Status=' || A.STATUSSTRING  KEY_DATA  FROM SYSADM.PSAPMSGPUBHDR A  , SYSADM.PSQUEUEDEFN Q  WHERE A.PUBSTATUS IN (0,6)  AND Q.QUEUESTATUS=1  AND Q.THRUPUTTYPE IN (0,2)  AND Q.QUEUENAME=A.QUEUENAME  AND EXISTS (  SELECT 1  FROM SYSADM.PSAPMSGDOMSTAT  WHERE DOMAIN_STATUS='A' )  UNION ALL  SELECT DISTINCT 'TransactionID=' || A.IBTRANSACTIONID || ',Service Operation=' ||  A.IB_OPERATIONNAME || ',Queue=' || A.QUEUENAME || ',Status=' || A.STATUSSTRING  KEY_DATA  FROM SYSADM.PSAPMSGPUBCON A  , SYSADM.PSQUEUEDEFN Q  WHERE A.PUBCONSTATUS IN (0,6)  AND Q.QUEUESTATUS=1  AND Q.THRUPUTTYPE IN (0,2)  AND Q.QUEUENAME=A.QUEUENAME  AND EXISTS (  SELECT 1  FROM SYSADM.PSAPMSGDOMSTAT  WHERE DOMAIN_STATUS='A' )  UNION ALL  SELECT DISTINCT 'TransactionID=' || A.IBTRANSACTIONID || ',Service Operation=' ||  A.IB_OPERATIONNAME || ',Queue=' || A.QUEUENAME || ',Status=' || A.STATUSSTRING  KEY_DATA  FROM SYSADM.PSAPMSGSUBCON A  , SYSADM.PSQUEUEDEFN Q  WHERE A.SUBCONSTATUS IN (0,6)  AND Q.QUEUESTATUS=1  AND Q.THRUPUTTYPE IN (0,2)  AND Q.QUEUENAME=A.QUEUENAME  AND EXISTS (  SELECT 1  FROM SYSADM.PSAPMSGDOMSTAT  WHERE DOMAIN_STATUS='A')  )  having count(*) > 0) s]]>
        </SQLQuery>
        <IsInclude>1</IsInclude>
            <InUse>1</InUse>
            <DBQueryFieldList>
                <DBPatternSeqField>entrytime</DBPatternSeqField>
                <DBPatternField>
                    <DBQueryColName>sensor</DBQueryColName>
                    <FieldName>udfs1</FieldName>
                </DBPatternField>
                <DBPatternField>
                    <DBQueryColName>entrytime</DBQueryColName>
                    <FieldName>time</FieldName>
                </DBPatternField>
                <DBPatternField>
                                        <DBQueryColName>KEY_DATA</DBQueryColName>
                                        <FieldName>probkey</FieldName>
                                   </DBPatternField>
            </DBQueryFieldList>
            <IsSystem>0</IsSystem>
            <IsEnabled>1</IsEnabled>
            </DBPattern>
    </Patterns>
        <TagConditions>
            <TagCondition operator="CONTAINS_REGEX" field="udfs1" alertRuleVisible="0">
                <ConditionValues>
                    <ConditionValue>%</ConditionValue>
                </ConditionValues>
                <ConditionTags tagField="mtag">
                    <ConditionTag>#medium_severity_sensor</ConditionTag>
                </ConditionTags>
                <IsSystem>0</IsSystem>
                <IsEnabled>1</IsEnabled>
            </TagCondition>
        </TagConditions>
        <IsHidden>0</IsHidden>
        <IsSMAEnabled>0</IsSMAEnabled>
    </Source>
    <FieldNameMaps>
        <FieldNameMap>
            <Name>udfs1</Name>
            <DisplayName>sensor</DisplayName>
        </FieldNameMap>
        
    </FieldNameMaps>
</LoganContent>