<?xml version="1.0" encoding="UTF-8"?>
<LoganContent oms_version="2.50.2.0.0" name="content_ocid1.tenancy.oc1..aaaaaaaa5s2vdjjrydixjulorcwozffbpna37w5a35p3jhgpyshlkmio6oiq_1650039506307" content_version="2.50.2.0.0" xmlns="http://www.oracle.com/DataCenter/LogAnalyticsStd">
    <Field oms_version="2.50.2.0.0">
        <DisplayName>sensor</DisplayName>
        <FieldType>1</FieldType>
        <IsSystem>0</IsSystem>
        <IsPrimary>1</IsPrimary>
        <DataType>STRING</DataType>
        <IsMetricKeyEligible>0</IsMetricKeyEligible>
        <IsMetricValueEligible>0</IsMetricValueEligible>
        <FacetEligible>1</FacetEligible>
        <RangeFacetEligible>0</RangeFacetEligible>
        <TableEligible>1</TableEligible>
        <FacetPriority>1</FacetPriority>
        <Summarizable>1</Summarizable>
        <HighCardinality>1</HighCardinality>
        <LargeData>0</LargeData>
        <MultiValued>0</MultiValued>
        <SMAEnabledSetting>0</SMAEnabledSetting>
    </Field>
    
    <Tag>
<Name>#medium_severity_sensor</Name>
<DisplayName>Medium Severity Sensor</DisplayName>
<IsSystem>0</IsSystem>
<ProblemPriority>MEDIUM</ProblemPriority>
</Tag>
    <Source name="PSFT Sensor: COBRA orphan records - Daily" oms_version="2.50.2.0.0" configWarningSettings="0">
    <SourceType>database_sql</SourceType>
    <TargetTypes>
        <TargetType>omc_oracle_db_instance</TargetType>
        <TargetType>omc_oracle_pdb</TargetType>
    </TargetTypes>
    <DisplayName>PSFT Sensor: COBRA orphan records - Daily</DisplayName>
    <Description><![CDATA[]]></Description>
    <IsSystem>0</IsSystem>
    <IsSecureContent>1</IsSecureContent>
    <Patterns>
        <DBPattern dateTimeField="entrytime" dateTimeColumns="entrytime">
        <SQLQuery>
            <![CDATA[select 'PSFT_BEN_COBRA_ORPH_CHK' sensor, to_timestamp(to_char(sysdate, 'YYYY-MM-DD hh24:mi:ss'), 'YYYY-MM-DD hh24:mi:ss') entrytime, s.KEY_DATA FROM (Select 'Review ' || count(*) || ' Cobra Benefits Orphaned Data That May Cause Issue With PSPCOBRA Process' AS KEY_DATA, 'COBRA Administration Error: 153 - Subscript Out Of Range, When Reprocessing Event To "Qualify" or "Prepare Options" (Doc ID 609206.1)' SOLUTION, 'Y' AS EVENT  From(  SELECT 'Potential Cobra process (PSPCOBRA) Issue Caused By Cobra Benefits Orphaned Data (See KM 609206.1)' AS KEY_DATA  from SYSADM.ps_cbr_partic p  where not exists (select 'x'  from SYSADM.ps_cobra_event e  where e.emplid = p.emplid  and e.benefit_rcd_nbr = p.benefit_rcd_nbr  and e.cobra_event_id = p.cobra_event_id)  UNION  SELECT 'Potential Cobra process (PSPCOBRA) Issue Caused By Cobra Benefits Orphaned Data (See KM 609206.1)' AS KEY_DATA  from SYSADM.ps_cbr_partic_plan p  where not exists (select 'x'  from SYSADM.ps_cbr_partic e  where e.emplid = p.emplid  and e.benefit_rcd_nbr = p.benefit_rcd_nbr  and e.cobra_event_id = p.cobra_event_id  and e.dependent_benef = p.dependent_benef)  UNION  SELECT 'Potential Cobra process (PSPCOBRA) Issue Caused By Cobra Benefits Orphaned Data (See KM 609206.1)' AS KEY_DATA  from SYSADM.PS_CBR_PARTIC_OPTN p  where not exists (select 'x'  from SYSADM.PS_CBR_PARTIC_PLAN e  where e.emplid = p.emplid  and e.benefit_rcd_nbr = p.benefit_rcd_nbr  and e.cobra_event_id = p.cobra_event_id  and e.dependent_benef = p.dependent_benef  AND e.plan_type = p.plan_type)  UNION  SELECT 'Potential Cobra process (PSPCOBRA) Issue Caused By Cobra Benefits Orphaned Data (See KM 609206.1)' AS KEY_DATA  from SYSADM.PS_CBR_PARTIC_DPND p  where not exists (select 'x'  from SYSADM.PS_CBR_PARTIC_PLAN e  where e.emplid = p.emplid  and e.benefit_rcd_nbr = p.benefit_rcd_nbr  and e.cobra_event_id = p.cobra_event_id  and e.dependent_benef = p.dependent_benef  AND e.plan_type = p.plan_type)  )  having count(*) > 0) s]]>
        </SQLQuery>
        <IsInclude>1</IsInclude>
            <InUse>1</InUse>
            <DBQueryFieldList>
                <DBPatternSeqField>entrytime</DBPatternSeqField>
                <DBPatternField>
                    <DBQueryColName>sensor</DBQueryColName>
                    <FieldName>udfs1</FieldName>
                </DBPatternField>
                <DBPatternField>
                    <DBQueryColName>entrytime</DBQueryColName>
                    <FieldName>time</FieldName>
                </DBPatternField>
                <DBPatternField>
                                        <DBQueryColName>KEY_DATA</DBQueryColName>
                                        <FieldName>data</FieldName>
                                   </DBPatternField>
            </DBQueryFieldList>
            <IsSystem>0</IsSystem>
            <IsEnabled>1</IsEnabled>
            </DBPattern>
    </Patterns>
        <TagConditions>
            <TagCondition operator="CONTAINS_REGEX" field="udfs1" alertRuleVisible="0">
                <ConditionValues>
                    <ConditionValue>%</ConditionValue>
                </ConditionValues>
                <ConditionTags tagField="mtag">
                    <ConditionTag>#medium_severity_sensor</ConditionTag>
                </ConditionTags>
                <IsSystem>0</IsSystem>
                <IsEnabled>1</IsEnabled>
            </TagCondition>
        </TagConditions>
        <IsHidden>0</IsHidden>
        <IsSMAEnabled>0</IsSMAEnabled>
    </Source>
    <FieldNameMaps>
        <FieldNameMap>
            <Name>udfs1</Name>
            <DisplayName>sensor</DisplayName>
        </FieldNameMap>
        
    </FieldNameMaps>
</LoganContent>